{"initial":[1.0,0.0,0.0,0.0,0.0,1.0,0.0,0.0,0.0,1.0,0.0,0.0,1.0,0.0,1.0,1.0,0.0,0.0,0.0,0.0,0.0,0.0,1.0,0.0,0.0,0.0,0.0,0.0,1.0,0.0,0.0,0.0,0.0,1.0,0.0,0.0,0.0,1.0,0.0,0.0,1.0,0.0,1.0,1.0,1.0,1.0,1.0,1.0],"finitial":1.3450596017768066e6,"ftol_rel":1.0e-12,"ftol_abs":1.0e-8,"xtol_rel":0.0,"xtol_abs":[1.0e-10,1.0e-10,1.0e-10,1.0e-10,1.0e-10,1.0e-10,1.0e-10,1.0e-10,1.0e-10,1.0e-10,1.0e-10,1.0e-10,1.0e-10,1.0e-10,1.0e-10,1.0e-10,1.0e-10,1.0e-10,1.0e-10,1.0e-10,1.0e-10,1.0e-10,1.0e-10,1.0e-10,1.0e-10,1.0e-10,1.0e-10,1.0e-10,1.0e-10,1.0e-10,1.0e-10,1.0e-10,1.0e-10,1.0e-10,1.0e-10,1.0e-10,1.0e-10,1.0e-10,1.0e-10,1.0e-10,1.0e-10,1.0e-10,1.0e-10,1.0e-10,1.0e-10,1.0e-10,1.0e-10,1.0e-10],"initial_step":[0.75,1.0,1.0,1.0,1.0,0.75,1.0,1.0,1.0,0.75,1.0,1.0,0.75,1.0,0.75,0.75,1.0,1.0,1.0,1.0,1.0,1.0,0.75,1.0,1.0,1.0,1.0,1.0,0.75,1.0,1.0,1.0,1.0,0.75,1.0,1.0,1.0,0.75,1.0,1.0,0.75,1.0,0.75,0.75,0.75,0.75,0.75,0.75],"maxfeval":-1,"maxtime":-1.0,"feval":5178,"final":[1.0579995920502236,0.13316253146814855,0.060579779608217726,0.037407071483214586,-0.39380473871720345,1.183175857553766,-0.5388804345097575,0.007914249371179483,0.2332285110804743,0.8780765358285351,-0.35400695399886956,-0.1264972840110386,0.753809039394446,-0.3679273626832549,1.1150215388699025,0.35799749958982235,0.09859791867957897,-0.0970383906808482,-0.06772925498850071,-0.0992487343417989,0.08268226191641058,0.007746992543448379,0.6971421433048905,-0.4096454878013899,0.021280957301637773,-0.009902899505189376,-0.017171839657666773,-0.01328177090695635,0.5686590905548433,-0.3281515921247623,0.015955706781995396,-0.021322773335123325,0.005606461115586119,0.41594253120634817,-0.2639327680472283,-0.004624695227201857,0.011893061908710633,0.4490073582865463,-0.005260338742180335,-0.011248969805443371,0.14725384656894713,0.02024269841606789,0.08112242738492507,0.02738120978086859,0.08593619738951551,0.145861367686987,0.1591162181946564,0.0720931061040217],"fmin":1.314070960362195e6,"optimizer":"LN_BOBYQA","returnvalue":"FTOL_REACHED","nAGQ":1,"REML":false,"sigma":null,"fitlog":[[[1.0,0.0,0.0,0.0,0.0,1.0,0.0,0.0,0.0,1.0,0.0,0.0,1.0,0.0,1.0,1.0,0.0,0.0,0.0,0.0,0.0,0.0,1.0,0.0,0.0,0.0,0.0,0.0,1.0,0.0,0.0,0.0,0.0,1.0,0.0,0.0,0.0,1.0,0.0,0.0,1.0,0.0,1.0,1.0,1.0,1.0,1.0,1.0],1.3450596017768066e6]]}