{"initial":[1.0,0.0,0.0,0.0,0.0,1.0,0.0,0.0,0.0,1.0,0.0,0.0,1.0,0.0,1.0,1.0,0.0,0.0,0.0,0.0,0.0,0.0,1.0,0.0,0.0,0.0,0.0,0.0,1.0,0.0,0.0,0.0,0.0,1.0,0.0,0.0,0.0,1.0,0.0,0.0,1.0,0.0,1.0,1.0,1.0,1.0,1.0,1.0],"finitial":1.5386479707179733e6,"ftol_rel":1.0e-12,"ftol_abs":1.0e-8,"xtol_rel":0.0,"xtol_abs":[1.0e-10,1.0e-10,1.0e-10,1.0e-10,1.0e-10,1.0e-10,1.0e-10,1.0e-10,1.0e-10,1.0e-10,1.0e-10,1.0e-10,1.0e-10,1.0e-10,1.0e-10,1.0e-10,1.0e-10,1.0e-10,1.0e-10,1.0e-10,1.0e-10,1.0e-10,1.0e-10,1.0e-10,1.0e-10,1.0e-10,1.0e-10,1.0e-10,1.0e-10,1.0e-10,1.0e-10,1.0e-10,1.0e-10,1.0e-10,1.0e-10,1.0e-10,1.0e-10,1.0e-10,1.0e-10,1.0e-10,1.0e-10,1.0e-10,1.0e-10,1.0e-10,1.0e-10,1.0e-10,1.0e-10,1.0e-10],"initial_step":[0.75,1.0,1.0,1.0,1.0,0.75,1.0,1.0,1.0,0.75,1.0,1.0,0.75,1.0,0.75,0.75,1.0,1.0,1.0,1.0,1.0,1.0,0.75,1.0,1.0,1.0,1.0,1.0,0.75,1.0,1.0,1.0,1.0,0.75,1.0,1.0,1.0,0.75,1.0,1.0,0.75,1.0,0.75,0.75,0.75,0.75,0.75,0.75],"maxfeval":-1,"maxtime":-1.0,"feval":10501,"final":[0.26747243955001754,-0.609306663209848,-0.24207862308434236,0.8996221078038117,0.10697956512486961,1.893199414689051,-0.17064415462362076,-1.6514801219212274,0.498943219956687,0.6961643381485284,-0.819308422538223,0.49181424720904193,0.8230031757685886,-0.028054941655264343,0.6537160425828678,0.16910714100294896,0.02142009811427823,-0.09238541305899589,-0.022737238247167404,0.032673891246088466,-0.007378982499992092,0.0027969280572081893,0.9102117912822614,-0.28647475633716624,-0.4095595502422038,0.09851579089434401,-0.024179381202528192,-0.01401042772609426,0.5396312591307955,-0.46379883553642137,0.02867152978196616,0.01922999004335374,0.0037908154083479426,0.45595706927668056,-0.2275555962080196,0.0028203796542945214,0.0077594409449433036,0.4062364632130611,0.002559690378198036,-0.004739985889096548,0.0899765874198641,-0.001724163205798164,0.036839882495719775,0.03906009598331629,0.13149190568091912,0.1185304110812842,0.06193081184186116,0.06631062963026141],"fmin":1.3193762712980774e6,"optimizer":"LN_BOBYQA","returnvalue":"FTOL_REACHED","nAGQ":1,"REML":false,"sigma":null,"fitlog":[[[1.0,0.0,0.0,0.0,0.0,1.0,0.0,0.0,0.0,1.0,0.0,0.0,1.0,0.0,1.0,1.0,0.0,0.0,0.0,0.0,0.0,0.0,1.0,0.0,0.0,0.0,0.0,0.0,1.0,0.0,0.0,0.0,0.0,1.0,0.0,0.0,0.0,1.0,0.0,0.0,1.0,0.0,1.0,1.0,1.0,1.0,1.0,1.0],1.5386479707179733e6]]}